id,make,model,year,color
1,Bentley,Continental Flying Spur,2010,Turquoise
2,Chevrolet,Suburban 2500,1997,Green
3,Infiniti,G25,2011,Puce
4,Nissan,Leaf,2011,Puce
5,Ford,Mustang,2002,Mauv
6,Alfa Romeo,Spider,1994,Indigo
7,Chevrolet,Malibu,2013,Mauv
8,Chevrolet,Equinox,2011,Turquoise
9,Oldsmobile,Silhouette,1997,Fuscia
10,Mazda,Mazda6,2006,Mauv
11,Dodge,Ram 2500,1996,Violet
12,GMC,2500 Club Coupe,1996,Goldenrod
13,GMC,Savana 3500,2005,Yellow
14,Mercury,Topaz,1989,Maroon
15,GMC,Sierra 2500,2000,Goldenrod
16,BMW,Z4,2010,Purple
17,Mercedes-Benz,S-Class,2004,Indigo
18,Chevrolet,Silverado 3500,2010,Puce
19,Chevrolet,Corvette,1969,Aquamarine
20,Hyundai,Genesis Coupe,2011,Indigo
21,Lincoln,MKX,2009,Goldenrod
22,Mitsubishi,Chariot,1995,Pink
23,Mitsubishi,Mighty Max,1994,Khaki
24,Subaru,Legacy,1993,Mauv
25,Chevrolet,HHR,2011,Maroon
26,Plymouth,Voyager,1992,Orange
27,Volkswagen,Jetta,1993,Fuscia
28,Toyota,Highlander,2011,Orange
29,Oldsmobile,Ciera,1994,Crimson
30,Chevrolet,Corvette,1972,Aquamarine
31,Scion,xD,2012,Yellow
32,BMW,545,2005,Pink
33,Oldsmobile,Silhouette,2001,Blue
34,Pontiac,LeMans,1992,Indigo
35,Subaru,Legacy,2004,Orange
36,Honda,del Sol,1996,Blue
37,Ford,F-Series,2011,Green
38,Infiniti,G25,2011,Khaki
39,Ford,Probe,1997,Pink
40,Lincoln,Navigator L,2011,Pink
41,Pontiac,6000,1990,Green
42,Mitsubishi,Mighty Max,1996,Purple
43,Nissan,350Z,2007,Turquoise
44,Cadillac,SRX,2007,Yellow
45,Dodge,Viper,1999,Pink
46,BMW,530,2001,Khaki
47,Toyota,4Runner,1993,Puce
48,Kia,Amanti,2004,Red
49,Mitsubishi,Precis,1994,Goldenrod
50,Suzuki,Aerio,2004,Purple
51,Chevrolet,Suburban 2500,2003,Purple
52,Ford,Thunderbird,1967,Violet
53,Nissan,Rogue,2011,Pink
54,Mazda,626,1983,Maroon
55,GMC,Sonoma,2001,Fuscia
56,Pontiac,Trans Sport,1993,Crimson
57,Mazda,MX-5,2004,Maroon
58,Oldsmobile,Bravada,1999,Purple
59,Land Rover,Discovery,1996,Khaki
60,Volkswagen,Cabriolet,1999,Purple
61,Dodge,Durango,2000,Crimson
62,Ford,Thunderbird,1988,Blue
63,Nissan,350Z,2007,Teal
64,GMC,Envoy XL,2006,Crimson
65,Oldsmobile,Bravada,1994,Orange
66,Volvo,S60,2005,Turquoise
67,Mazda,Protege,1993,Khaki
68,Plymouth,Acclaim,1994,Yellow
69,Nissan,Quest,1995,Khaki
70,Lincoln,Navigator L,2010,Yellow
71,Toyota,Celica,1983,Violet
72,Ford,Tempo,1986,Khaki
73,Subaru,Loyale,1991,Teal
74,Ford,Focus,2000,Teal
75,Dodge,Ram 1500 Club,2001,Fuscia
76,Mitsubishi,Diamante,2002,Violet
77,Chevrolet,Suburban 1500,2001,Indigo
78,GMC,Yukon,2004,Indigo
79,Ford,Tempo,1990,Fuscia
80,Ford,Contour,1998,Turquoise
81,Saab,9000,1986,Crimson
82,Volkswagen,Passat,1985,Red
83,Mercedes-Benz,E-Class,1989,Turquoise
84,Hyundai,Accent,1998,Aquamarine
85,Acura,NSX,2001,Aquamarine
86,Toyota,Highlander,2008,Puce
87,Jaguar,XJ,2010,Orange
88,Mitsubishi,Diamante,1999,Teal
89,Pontiac,Daewoo Kalos,2006,Goldenrod
90,Nissan,240SX,1992,Turquoise
91,Lexus,SC,2003,Yellow
92,Plymouth,Grand Voyager,1992,Violet
93,Mitsubishi,Precis,1993,Turquoise
94,Suzuki,Vitara,2000,Yellow
95,Ford,F-Series,1995,Green
96,Toyota,Xtra,1992,Yellow
97,Infiniti,EX,2010,Mauv
98,Dodge,Dakota Club,2001,Maroon
99,Mazda,Mazdaspeed 3,2010,Mauv
100,Dodge,Nitro,2011,Blue
101,Mercury,Cougar,1988,Orange
102,Lexus,ES,2006,Aquamarine
103,Mercedes-Benz,GLK-Class,2011,Goldenrod
104,Cadillac,Escalade ESV,2009,Blue
105,Plymouth,Prowler,1997,Aquamarine
106,Hyundai,Elantra,2001,Blue
107,Ford,Econoline E250,1996,Blue
108,Mazda,MPV,1993,Red
109,Lexus,ES,1990,Purple
110,BMW,X3,2012,Khaki
111,Maserati,Spyder,1990,Puce
112,Subaru,Outback,2002,Purple
113,Chevrolet,Silverado 2500,2005,Violet
114,Mazda,MPV,1996,Violet
115,Buick,LeSabre,1996,Teal
116,Maserati,Quattroporte,2007,Teal
117,Chevrolet,Aveo,2009,Teal
118,Buick,Skylark,1994,Aquamarine
119,Honda,Civic,2001,Orange
120,Chevrolet,Express 1500,2011,Blue
121,Volvo,C70,1998,Indigo
122,Subaru,Forester,2000,Aquamarine
123,Aston Martin,DB9,2012,Teal
124,Chevrolet,Impala,2004,Goldenrod
125,Ford,LTD Crown Victoria,1990,Fuscia
126,GMC,Yukon XL 1500,2012,Khaki
127,Geo,Tracker,1994,Teal
128,Saturn,L-Series,2000,Turquoise
129,BMW,M5,2001,Goldenrod
130,Honda,Accord,2004,Puce
131,BMW,M,2001,Puce
132,Ford,Bronco,1991,Yellow
133,Ford,Econoline E150,1995,Red
134,Lincoln,Town Car,1999,Maroon
135,Pontiac,Firebird,1988,Mauv
136,Hyundai,Sonata,2006,Khaki
137,Holden,VS Commodore,1996,Maroon
138,Subaru,Impreza,2008,Aquamarine
139,Toyota,Solara,2003,Blue
140,Toyota,4Runner,1995,Green
141,Chevrolet,2500,1998,Indigo
142,Nissan,Datsun/Nissan Z-car,1990,Green
143,Volvo,XC70,2004,Blue
144,Chevrolet,Aveo,2004,Green
145,Holden,VS Commodore,1995,Yellow
146,Infiniti,M,1992,Teal
147,Hyundai,Azera,2009,Turquoise
148,Buick,Century,2002,Blue
149,Eagle,Summit,1993,Orange
150,Dodge,Stratus,2005,Maroon
151,Mazda,MPV,2000,Pink
152,Toyota,Camry,2006,Red
153,Toyota,Tacoma Xtra,1996,Green
154,Lotus,Exige,2004,Yellow
155,Chevrolet,Vega,1971,Fuscia
156,Chevrolet,Express,2011,Violet
157,Lexus,SC,1997,Violet
158,Oldsmobile,Silhouette,2003,Puce
159,Lincoln,Town Car,1990,Yellow
160,BMW,X6,2013,Yellow
161,Dodge,Ram Van 2500,1995,Fuscia
162,Ford,F250,1994,Aquamarine
163,GMC,Vandura 3500,1992,Yellow
164,Lotus,Esprit,1997,Khaki
165,Mazda,Mazda6,2005,Turquoise
166,Toyota,4Runner,2000,Khaki
167,Ford,Mustang,1980,Mauv
168,Lincoln,MKZ,2007,Pink
169,Dodge,Caravan,2005,Puce
170,Geo,Prizm,1993,Turquoise
171,Hyundai,Sonata,2007,Pink
172,Dodge,Ram Wagon B350,1994,Mauv
173,Honda,Accord,2012,Fuscia
174,Porsche,911,1996,Teal
175,Infiniti,QX56,2008,Orange
176,Chrysler,LHS,2001,Purple
177,Subaru,Outback,2010,Red
178,Lincoln,Continental Mark VII,1990,Aquamarine
179,Hyundai,Sonata,2002,Khaki
180,Aston Martin,Vanquish S,2006,Khaki
181,Nissan,Sentra,2004,Green
182,Ford,Contour,1999,Crimson
183,Isuzu,Rodeo,1996,Indigo
184,Nissan,Pathfinder,2000,Crimson
185,Mitsubishi,Galant,1999,Orange
186,Ford,Escape,2013,Green
187,Kia,Forte,2012,Purple
188,Lincoln,Mark LT,2007,Crimson
189,Toyota,RAV4,1997,Mauv
190,Buick,Skylark,1990,Goldenrod
191,Ford,Excursion,2003,Blue
192,Mitsubishi,Truck,1989,Pink
193,Lexus,IS,2006,Red
194,GMC,Safari,1999,Yellow
195,Infiniti,QX,2005,Purple
196,Maybach,57,2006,Teal
197,Chrysler,Town & Country,1996,Orange
198,Mercedes-Benz,CL-Class,2000,Yellow
199,Mazda,B-Series,2001,Pink
200,BMW,M5,2000,Yellow
201,Oldsmobile,Bravada,1997,Puce
202,Saab,9-5,2006,Puce
203,Buick,Century,2000,Turquoise
204,Ford,Transit Connect,2011,Fuscia
205,Ford,Thunderbird,1958,Fuscia
206,Isuzu,Rodeo,2002,Aquamarine
207,Mercedes-Benz,E-Class,1987,Orange
208,Mercury,Lynx,1985,Teal
209,Toyota,Solara,2000,Mauv
210,Pontiac,Firefly,1989,Turquoise
211,Porsche,911,1995,Blue
212,Acura,ZDX,2010,Turquoise
213,Hyundai,Elantra,2012,Maroon
214,Aston Martin,Vanquish S,2005,Yellow
215,Mitsubishi,Mirage,2000,Teal
216,Mazda,929,1992,Khaki
217,Acura,RL,2006,Khaki
218,Ford,Courier,1987,Mauv
219,Audi,A8,2003,Turquoise
220,Ford,Crown Victoria,2006,Violet
221,MINI,Cooper,2009,Purple
222,Land Rover,LR2,2010,Puce
223,Toyota,Sequoia,2001,Purple
224,Ford,Explorer,2008,Goldenrod
225,Bentley,Continental GT,2010,Crimson
226,GMC,2500,1997,Indigo
227,Mazda,Miata MX-5,2008,Pink
228,Volvo,S90,1997,Green
229,Nissan,Pathfinder,1998,Orange
230,Dodge,Durango,2000,Khaki
231,Lincoln,Navigator,2010,Khaki
232,Mercedes-Benz,300SE,1992,Red
233,GMC,Sierra 3500,2002,Maroon
234,Land Rover,Discovery Series II,1999,Blue
235,Chevrolet,Lumina APV,1993,Indigo
236,Pontiac,Montana,1999,Green
237,Chrysler,Pacifica,2006,Turquoise
238,Dodge,Ram Wagon B350,1994,Puce
239,Kia,Sedona,2006,Mauv
240,Ford,Ranger,1990,Fuscia
241,Toyota,Highlander Hybrid,2007,Aquamarine
242,Mercedes-Benz,C-Class,2003,Orange
243,Pontiac,Firebird Trans Am,1986,Blue
244,BMW,745,2005,Orange
245,Buick,Coachbuilder,1990,Teal
246,Chevrolet,2500,1995,Khaki
247,Mercedes-Benz,SL-Class,2004,Aquamarine
248,Mazda,MX-5,2003,Yellow
249,GMC,Sierra 1500,2008,Green
250,Hyundai,Elantra,2002,Khaki
251,Buick,Park Avenue,2005,Fuscia
252,Buick,Electra,1985,Maroon
253,Chevrolet,Caprice Classic,1994,Violet
254,Acura,TSX,2010,Puce
255,Mercury,Sable,1990,Khaki
256,Buick,Special,1962,Fuscia
257,Dodge,Ram Van 1500,1997,Goldenrod
258,Hummer,H1,1999,Fuscia
259,Cadillac,CTS-V,2009,Fuscia
260,Plymouth,Voyager,1993,Khaki
261,Honda,Passport,1998,Puce
262,Mitsubishi,Eclipse,1995,Teal
263,Audi,S6,2009,Aquamarine
264,Cadillac,Escalade EXT,2010,Fuscia
265,Buick,Riviera,1996,Green
266,Hyundai,Sonata,2007,Red
267,Chevrolet,2500,1996,Goldenrod
268,Jeep,Grand Cherokee,2010,Fuscia
269,Dodge,Ram 3500,1998,Crimson
270,Oldsmobile,Silhouette,1996,Yellow
271,Acura,Integra,1988,Violet
272,Chrysler,Sebring,2008,Pink
273,Dodge,Ram Van 1500,1997,Maroon
274,Volvo,V40,2003,Aquamarine
275,Oldsmobile,Aurora,1997,Indigo
276,Ford,Explorer,1992,Puce
277,Lexus,RX,2008,Purple
278,Dodge,Grand Caravan,2009,Khaki
279,Suzuki,XL-7,2005,Aquamarine
280,Ford,F350,2012,Green
281,Mercedes-Benz,W201,1987,Green
282,Subaru,Legacy,2002,Pink
283,Volvo,S80,2005,Purple
284,Mercedes-Benz,G-Class,2011,Blue
285,Ford,E-Series,1989,Crimson
286,Isuzu,Rodeo,2000,Violet
287,Pontiac,6000,1988,Indigo
288,Audi,TT,2004,Crimson
289,Mercedes-Benz,S-Class,1984,Indigo
290,Plymouth,Colt,1992,Mauv
291,Mazda,B-Series,2009,Crimson
292,Mercedes-Benz,M-Class,2011,Fuscia
293,Volvo,960,1997,Puce
294,Chrysler,Town & Country,2012,Green
295,Ford,Ranger,1997,Yellow
296,Land Rover,LR2,2008,Maroon
297,Cadillac,Escalade ESV,2012,Indigo
298,Audi,riolet,1996,Indigo
299,Mitsubishi,Excel,1987,Aquamarine
300,Mitsubishi,Mighty Max,1986,Maroon
301,Volkswagen,Fox,1987,Blue
302,Eagle,Talon,1998,Fuscia
303,Dodge,Ram 2500,1995,Teal
304,Mitsubishi,Pajero,2003,Blue
305,Toyota,Prius,2001,Maroon
306,Mazda,Miata MX-5,2002,Teal
307,Acura,RDX,2009,Indigo
308,Mercury,Grand Marquis,1988,Orange
309,Dodge,Ram 1500,1994,Pink
310,Lotus,Elise,2010,Puce
311,Chevrolet,2500,1994,Maroon
312,GMC,Yukon,2010,Fuscia
313,Nissan,300ZX,1996,Maroon
314,Chevrolet,Express 1500,2001,Green
315,Audi,RS6,2003,Crimson
316,Land Rover,Range Rover,2003,Fuscia
317,Volkswagen,Jetta,1997,Maroon
318,Chevrolet,Impala,2006,Khaki
319,Audi,S4,2011,Puce
320,Volkswagen,Cabriolet,1986,Purple
321,Ford,Ranger,2006,Indigo
322,Hyundai,Accent,1999,Mauv
323,Plymouth,Fury,1964,Turquoise
324,Ford,F250,1999,Violet
325,Ford,Galaxie,1966,Orange
326,Pontiac,Firebird,1969,Fuscia
327,Nissan,Quest,2011,Khaki
328,GMC,Sonoma,1994,Teal
329,Ford,E350,2006,Fuscia
330,Ford,Explorer Sport Trac,2003,Aquamarine
331,Chevrolet,Express 2500,2004,Purple
332,Isuzu,Space,1994,Purple
333,Toyota,Avalon,2005,Yellow
334,Suzuki,Forenza,2006,Goldenrod
335,Jaguar,X-Type,2007,Maroon
336,Mercury,Grand Marquis,2002,Blue
337,Eagle,Vision,1993,Green
338,Toyota,Land Cruiser,2001,Pink
339,Chevrolet,Corvette,1964,Orange
340,Pontiac,Grand Prix,2004,Mauv
341,Mercedes-Benz,S-Class,1989,Turquoise
342,Chevrolet,Corvette,1992,Goldenrod
343,Suzuki,Kizashi,2010,Green
344,Mitsubishi,Pajero,2001,Red
345,Toyota,Tundra,2010,Orange
346,Toyota,Celica,1998,Blue
347,Lexus,LX,2001,Teal
348,Infiniti,FX,2007,Mauv
349,Mazda,Familia,1992,Crimson
350,Pontiac,Turbo Firefly,1988,Teal
351,Oldsmobile,88,1993,Maroon
352,Buick,Estate,1989,Purple
353,Land Rover,Defender,1994,Blue
354,Infiniti,G,1999,Maroon
355,Pontiac,Grand Prix,1991,Purple
356,Mercury,Mountaineer,2008,Violet
357,GMC,Jimmy,1992,Crimson
358,Acura,RL,1996,Turquoise
359,Mercedes-Benz,E-Class,1999,Violet
360,Lincoln,MKZ,2012,Goldenrod
361,Mazda,CX-9,2007,Puce
362,BMW,X5,2011,Fuscia
363,Hyundai,Tiburon,1999,Pink
364,Mazda,B-Series,2000,Pink
365,Chevrolet,Cavalier,2000,Aquamarine
366,Kia,Amanti,2004,Green
367,Pontiac,Firebird,1993,Fuscia
368,Hyundai,Accent,2005,Purple
369,Jaguar,XJ,2012,Purple
370,Audi,A4,2009,Green
371,Mazda,B-Series,1987,Red
372,Porsche,928,1990,Purple
373,Infiniti,QX,2002,Khaki
374,BMW,7 Series,2008,Goldenrod
375,Plymouth,Breeze,1996,Aquamarine
376,Ford,Crown Victoria,1995,Red
377,Jeep,Compass,2008,Pink
378,Audi,Coupe GT,1986,Purple
379,Hummer,H1,1997,Khaki
380,Dodge,Dakota Club,1994,Khaki
381,Hummer,H2 SUT,2006,Purple
382,Suzuki,Swift,1996,Blue
383,Toyota,Supra,1997,Turquoise
384,Dodge,Caravan,2011,Purple
385,Mitsubishi,Galant,2004,Green
386,Nissan,Sentra,1994,Red
387,Ford,E-Series,1989,Purple
388,Chevrolet,Express 1500,2005,Maroon
389,Mazda,Familia,1990,Yellow
390,Suzuki,SJ 410,1984,Purple
391,Dodge,Neon,1999,Pink
392,Acura,MDX,2012,Puce
393,Nissan,Quest,2011,Maroon
394,Audi,A8,2001,Turquoise
395,Suzuki,X-90,1997,Orange
396,Ford,Explorer,1995,Turquoise
397,GMC,Savana 3500,2007,Pink
398,GMC,Canyon,2007,Teal
399,Suzuki,X-90,1996,Blue
400,Maybach,62,2005,Red
401,Pontiac,Grand Prix,1979,Turquoise
402,Ford,Taurus,1997,Crimson
403,Chevrolet,Silverado 3500,2005,Pink
404,Aston Martin,Rapide,2012,Orange
405,Chevrolet,Tahoe,2005,Crimson
406,Acura,TL,2004,Red
407,Volvo,V70,2006,Red
408,Cadillac,Eldorado,1995,Green
409,Honda,Prelude,1985,Khaki
410,Pontiac,6000,1988,Maroon
411,Toyota,Sequoia,2007,Goldenrod
412,Lotus,Exige,2010,Aquamarine
413,Hyundai,Accent,2007,Crimson
414,Jaguar,XK Series,2013,Crimson
415,GMC,Jimmy,1994,Puce
416,BMW,Z4 M,2007,Yellow
417,Volkswagen,GTI,2000,Crimson
418,Oldsmobile,Achieva,1996,Khaki
419,Saturn,S-Series,2001,Pink
420,Toyota,Corolla,2001,Pink
421,Audi,TT,2004,Orange
422,Lexus,GX,2007,Khaki
423,Isuzu,Rodeo Sport,2003,Fuscia
424,GMC,Canyon,2011,Pink
425,Mercury,Mountaineer,2004,Teal
426,Suzuki,Daewoo Lacetti,2008,Teal
427,Volkswagen,Fox,1990,Aquamarine
428,Dodge,Neon,2003,Khaki
429,Mercedes-Benz,C-Class,1998,Orange
430,Dodge,Intrepid,2002,Blue
431,GMC,Sierra 1500,2004,Maroon
432,Buick,LeSabre,2002,Violet
433,Volvo,S70,1999,Turquoise
434,Mercedes-Benz,SLK-Class,2000,Puce
435,Hyundai,Accent,1995,Pink
436,Volkswagen,GTI,1999,Maroon
437,Lexus,RX,2007,Maroon
438,GMC,Envoy,1998,Blue
439,Acura,ZDX,2012,Mauv
440,Cadillac,Catera,1997,Goldenrod
441,Buick,Roadmaster,1993,Mauv
442,Toyota,Prius c,2012,Fuscia
443,Mercury,Mariner,2007,Pink
444,Plymouth,Sundance,1992,Violet
445,Dodge,Ram Van 3500,1995,Fuscia
446,GMC,Jimmy,1994,Indigo
447,Volkswagen,Routan,2009,Red
448,Oldsmobile,Bravada,2000,Violet
449,Pontiac,Grand Prix,1968,Aquamarine
450,Chevrolet,Malibu,1998,Pink
451,Chrysler,Concorde,1998,Purple
452,Pontiac,6000,1983,Crimson
453,Mercedes-Benz,CL-Class,2010,Goldenrod
454,Toyota,Land Cruiser,2004,Violet
455,BMW,7 Series,2010,Khaki
456,Honda,S2000,2007,Maroon
457,Toyota,Corolla,2010,Mauv
458,Honda,Fit,2009,Purple
459,Suzuki,Vitara,2001,Yellow
460,Hyundai,Excel,1992,Indigo
461,Lincoln,Mark VII,1984,Teal
462,BMW,3 Series,1993,Indigo
463,Ford,F-Series,1997,Indigo
464,Volkswagen,New Beetle,2006,Pink
465,Mercedes-Benz,E-Class,1994,Pink
466,Volkswagen,Passat,1992,Violet
467,Volkswagen,Cabriolet,1998,Indigo
468,BMW,X5 M,2010,Green
469,GMC,Safari,1994,Mauv
470,Cadillac,STS,2011,Maroon
471,Saturn,VUE,2006,Violet
472,Nissan,Sentra,1993,Blue
473,Chevrolet,Camaro,1972,Maroon
474,Mitsubishi,Eclipse,2004,Maroon
475,Ford,Galaxie,1966,Violet
476,Saab,9000,1994,Fuscia
477,Audi,S5,2009,Turquoise
478,Chevrolet,Malibu,1997,Blue
479,Suzuki,Swift,1991,Khaki
480,Mitsubishi,Eclipse,2001,Teal
481,Mazda,CX-7,2007,Maroon
482,Porsche,911,2001,Turquoise
483,Chevrolet,Uplander,2005,Pink
484,Pontiac,Grand Prix,2002,Red
485,Jeep,Wrangler,1995,Crimson
486,Lexus,SC,1994,Aquamarine
487,Nissan,Altima,1996,Puce
488,GMC,Savana 3500,2008,Orange
489,Mercedes-Benz,S-Class,1996,Pink
490,Volkswagen,Eos,2011,Goldenrod
491,Porsche,928,1990,Pink
492,Dodge,Ram Van 2500,1995,Yellow
493,Ford,E250,2003,Khaki
494,Jeep,Cherokee,1999,Teal
495,GMC,1500,1992,Indigo
496,Infiniti,FX,2010,Orange
497,Subaru,Outback,2003,Teal
498,Porsche,Cayenne,2006,Crimson
499,Lincoln,Town Car,1996,Orange
500,Oldsmobile,Bravada,1997,Aquamarine
501,Audi,4000s,1985,Turquoise
502,Dodge,Ram 2500,1995,Puce
503,Ford,F250,1999,Pink
504,Chrysler,Grand Voyager,2000,Red
505,Subaru,XT,1991,Indigo
506,Land Rover,Discovery,1999,Aquamarine
507,Pontiac,Grand Am,2003,Violet
508,Chrysler,New Yorker,1996,Indigo
509,Toyota,Supra,1997,Indigo
510,Cadillac,Escalade,2010,Blue
511,Toyota,Avalon,2004,Indigo
512,Nissan,Frontier,1999,Mauv
513,Ford,E350,2009,Violet
514,Mitsubishi,RVR,1993,Orange
515,Saab,9-5,2006,Violet
516,Kia,Spectra,2008,Khaki
517,Mercury,Mariner,2011,Orange
518,Chevrolet,Tahoe,2006,Mauv
519,Ford,Bronco II,1986,Green
520,Pontiac,LeMans,1988,Purple
521,Lexus,IS,2003,Maroon
522,Ford,Explorer,1996,Maroon
523,Dodge,Ram Van 3500,1998,Yellow
524,Lincoln,Navigator,2002,Green
525,Saturn,Outlook,2007,Yellow
526,Audi,Q7,2012,Fuscia
527,Dodge,Ram Van 2500,1996,Aquamarine
528,Chevrolet,Corvette,1965,Aquamarine
529,Pontiac,Torrent,2007,Indigo
530,Chevrolet,Astro,1995,Aquamarine
531,Ford,Econoline E250,2001,Teal
532,Dodge,Ram Van 3500,1998,Orange
533,Plymouth,Breeze,1996,Aquamarine
534,Chevrolet,K5 Blazer,1995,Mauv
535,Mitsubishi,Eclipse,1995,Purple
536,Honda,CR-X,1988,Goldenrod
537,Lexus,LX,2004,Orange
538,GMC,Suburban 1500,1997,Khaki
539,Lotus,Exige,2009,Maroon
540,Honda,CR-V,2000,Purple
541,Oldsmobile,Cutlass,1998,Fuscia
542,Mitsubishi,Truck,1991,Red
543,Ford,Thunderbird,1977,Yellow
544,Oldsmobile,88,1992,Pink
545,Saab,9-3,1999,Khaki
546,Infiniti,QX,2005,Indigo
547,Chevrolet,Metro,2000,Yellow
548,Isuzu,Space,1992,Crimson
549,Chevrolet,Colorado,2007,Indigo
550,Mitsubishi,Montero,1992,Fuscia
551,Chevrolet,Corvette,2003,Maroon
552,Oldsmobile,Silhouette,2001,Purple
553,Geo,Metro,1997,Violet
554,Mitsubishi,Mighty Max Macro,1992,Yellow
555,Holden,VS Commodore,1996,Pink
556,Nissan,Armada,2009,Red
557,Ford,EXP,1986,Green
558,Dodge,Ram 2500,2004,Goldenrod
559,Nissan,Cube,2012,Green
560,Cadillac,Seville,1998,Yellow
561,Scion,xB,2004,Khaki
562,Cadillac,Escalade ESV,2003,Aquamarine
563,Dodge,Caliber,2011,Purple
564,Lotus,Esprit,2001,Orange
565,Mercedes-Benz,400SE,1992,Red
566,GMC,1500,1995,Violet
567,Audi,A4,1997,Indigo
568,Ford,Expedition,2001,Teal
569,Nissan,Sentra,2003,Red
570,Volvo,850,1994,Red
571,Lincoln,Continental,1996,Orange
572,Mercedes-Benz,CL-Class,2012,Green
573,Mitsubishi,Truck,1987,Puce
574,BMW,3 Series,2003,Orange
575,Chevrolet,Tahoe,1998,Purple
576,Audi,TT,2012,Teal
577,Mitsubishi,Eclipse,2012,Khaki
578,Dodge,Ram 1500,2008,Orange
579,Nissan,240SX,1994,Fuscia
580,Toyota,Echo,2001,Goldenrod
581,Hyundai,Azera,2009,Fuscia
582,Mercedes-Benz,M-Class,2004,Turquoise
583,Dodge,Challenger,2012,Fuscia
584,Volvo,S60,2006,Purple
585,Subaru,Impreza,2012,Yellow
586,Isuzu,Rodeo,1996,Green
587,Ford,Mustang,1990,Blue
588,GMC,2500,1996,Turquoise
589,Saturn,VUE,2005,Teal
590,GMC,Vandura 3500,1993,Fuscia
591,Hyundai,XG350,2002,Teal
592,GMC,Yukon,2013,Turquoise
593,Mitsubishi,Chariot,1987,Puce
594,Dodge,Ram Van 2500,1997,Violet
595,Infiniti,QX,2011,Purple
596,Ford,Expedition,2004,Yellow
597,Toyota,Matrix,2009,Indigo
598,Ford,Expedition,1999,Goldenrod
599,Geo,Metro,1997,Red
600,Bentley,Continental GTC,2008,Indigo
601,Land Rover,Range Rover,2011,Orange
602,Subaru,Legacy,1999,Turquoise
603,Chrysler,Cirrus,2000,Orange
604,Honda,FCX Clarity,2012,Turquoise
605,Chevrolet,Monte Carlo,1995,Pink
606,Toyota,RAV4,2008,Red
607,BMW,M3,2008,Goldenrod
608,Volvo,V40,2001,Purple
609,Ford,Mustang,2011,Goldenrod
610,Subaru,Legacy,1992,Violet
611,Dodge,Ram 2500,2003,Yellow
612,Mitsubishi,Outlander,2011,Fuscia
613,Mercury,Villager,2000,Yellow
614,Lexus,GS,2003,Crimson
615,Maserati,GranTurismo,2010,Orange
616,Cadillac,Seville,1998,Turquoise
617,Lincoln,Continental,1984,Orange
618,Mitsubishi,Eclipse,1989,Green
619,Ford,Probe,1994,Mauv
620,Lexus,IS,2006,Goldenrod
621,Mazda,Miata MX-5,2005,Indigo
622,Fairthorpe,Rockette,1960,Pink
623,Mitsubishi,Starion,1986,Purple
624,Buick,Regal,1997,Goldenrod
625,Volkswagen,Jetta III,1993,Crimson
626,GMC,EV1,1999,Purple
627,Ford,F350,2008,Purple
628,Maserati,Quattroporte,2012,Indigo
629,Pontiac,Vibe,2003,Green
630,Infiniti,G,1992,Mauv
631,Chrysler,Crossfire,2006,Orange
632,Mitsubishi,Challenger,1999,Mauv
633,Jaguar,XJ Series,2001,Red
634,Aston Martin,V8 Vantage S,2012,Teal
635,Audi,4000CS Quattro,1987,Crimson
636,Isuzu,Rodeo,1996,Maroon
637,Mercury,Grand Marquis,1986,Maroon
638,Buick,Century,1986,Pink
639,Chevrolet,G-Series G30,1992,Teal
640,Pontiac,Trans Sport,1992,Blue
641,Mercury,Cougar,1986,Aquamarine
642,GMC,1500 Club Coupe,1994,Violet
643,Volkswagen,New Beetle,2009,Aquamarine
644,Pontiac,Sunbird,1983,Indigo
645,Ford,Tempo,1985,Maroon
646,Toyota,Camry,2011,Teal
647,Lexus,LX,2002,Maroon
648,Subaru,Legacy,1993,Orange
649,Mitsubishi,Mirage,2001,Fuscia
650,Scion,xB,2010,Goldenrod
651,Volvo,V50,2006,Indigo
652,Kia,Amanti,2008,Indigo
653,Volkswagen,GTI,2007,Khaki
654,Volvo,V70,2005,Puce
655,Ford,F350,1997,Fuscia
656,Infiniti,QX56,2007,Yellow
657,GMC,Sierra 2500,1999,Turquoise
658,Mazda,Familia,1985,Purple
659,Pontiac,Grand Prix,1976,Violet
660,Rolls-Royce,Phantom,2010,Indigo
661,Kia,Rondo,2010,Orange
662,Mercedes-Benz,M-Class,2005,Crimson
663,Mitsubishi,Eclipse,2004,Maroon
664,GMC,Sierra 3500,2005,Violet
665,Buick,Riviera,1995,Teal
666,Maserati,GranTurismo,2012,Pink
667,Ford,Thunderbird,1972,Aquamarine
668,Mercury,Sable,1988,Goldenrod
669,BMW,X6,2008,Pink
670,Ford,Fusion,2013,Maroon
671,Chrysler,Cirrus,1996,Teal
672,Lotus,Esprit,2000,Yellow
673,Mitsubishi,Montero,2004,Pink
674,Pontiac,Grand Am,1999,Mauv
675,Isuzu,Amigo,1994,Maroon
676,Saab,9-5,2005,Puce
677,Kia,Rondo,2009,Khaki
678,Mercury,Sable,2008,Mauv
679,Mitsubishi,Challenger,1997,Maroon
680,Lincoln,Navigator L,2009,Maroon
681,Subaru,Forester,2011,Yellow
682,Dodge,D350 Club,1992,Purple
683,Mercury,Topaz,1987,Orange
684,Lincoln,Continental,1995,Turquoise
685,Buick,Riviera,1999,Purple
686,Hyundai,Sonata,2013,Orange
687,Dodge,Grand Caravan,1993,Turquoise
688,Mercedes-Benz,CLK-Class,2006,Red
689,Toyota,Solara,2003,Puce
690,Honda,CR-V,2004,Purple
691,Mitsubishi,Pajero,2001,Purple
692,Lincoln,Town Car,2010,Turquoise
693,Ford,Expedition,2004,Pink
694,Chevrolet,Express 2500,2007,Goldenrod
695,Hyundai,XG300,2001,Yellow
696,Acura,NSX,2001,Orange
697,Mazda,MX-5,1999,Red
698,Ford,Five Hundred,2005,Goldenrod
699,Volvo,V50,2007,Puce
700,Chevrolet,Cavalier,1994,Orange
701,Dodge,Ram Van 3500,1995,Turquoise
702,Subaru,SVX,1994,Green
703,Lincoln,Navigator L,2009,Goldenrod
704,Chevrolet,S10,1992,Purple
705,Oldsmobile,Bravada,1993,Violet
706,Volvo,S60,2001,Yellow
707,Pontiac,Firebird,1997,Orange
708,Toyota,FJ Cruiser,2011,Blue
709,Chevrolet,S10,2001,Maroon
710,Hyundai,Elantra,2010,Puce
711,Mercedes-Benz,E-Class,2003,Red
712,Jaguar,XJ,2009,Blue
713,GMC,Savana 2500,1996,Yellow
714,Cadillac,Eldorado,1995,Aquamarine
715,Lincoln,MKT,2012,Yellow
716,Chevrolet,S10,1992,Green
717,Volvo,S60,2012,Aquamarine
718,Dodge,Magnum,2006,Violet
719,Suzuki,Equator,2010,Khaki
720,Nissan,Maxima,1990,Blue
721,Honda,Fit,2011,Blue
722,Mitsubishi,Eclipse,1993,Aquamarine
723,GMC,Savana 2500,2005,Goldenrod
724,Honda,Prelude,1985,Violet
725,Honda,S2000,2006,Teal
726,Nissan,Maxima,2012,Khaki
727,GMC,Yukon,2009,Crimson
728,GMC,Vandura G3500,1995,Crimson
729,Kia,Spectra,2005,Green
730,Ford,Thunderbird,1997,Fuscia
731,Ford,F150,2004,Yellow
732,BMW,Z8,2001,Green
733,Plymouth,Voyager,1993,Indigo
734,Land Rover,Freelander,2009,Khaki
735,Toyota,Prius,2006,Crimson
736,Suzuki,Swift,1987,Khaki
737,Toyota,Prius Plug-in,2012,Purple
738,Ford,F350,2012,Fuscia
739,Mitsubishi,Galant,1985,Green
740,Ford,Mustang,1974,Puce
741,Pontiac,Firebird,1997,Puce
742,Mercury,Grand Marquis,2002,Pink
743,Audi,5000S,1988,Mauv
744,Pontiac,GTO,1966,Yellow
745,BMW,X5,2012,Puce
746,Saturn,L-Series,2001,Green
747,Mercury,Topaz,1991,Indigo
748,Mitsubishi,Outlander,2011,Khaki
749,Chrysler,Concorde,2001,Violet
750,Ford,Thunderbird,1984,Crimson
751,Toyota,Corolla,1992,Red
752,Land Rover,Range Rover Sport,2011,Orange
753,Isuzu,Oasis,1996,Green
754,Lexus,IS-F,2010,Yellow
755,Toyota,Solara,2006,Violet
756,Pontiac,Grand Prix,1991,Purple
757,Audi,A4,1998,Goldenrod
758,Toyota,FJ Cruiser,2011,Yellow
759,Honda,Passport,1995,Orange
760,Oldsmobile,Alero,2004,Red
761,Toyota,Tacoma,2003,Red
762,Ford,Fairlane,1967,Violet
763,Volvo,V50,2010,Orange
764,Ford,Contour,1999,Turquoise
765,Suzuki,Kizashi,2011,Khaki
766,Audi,A6,2012,Blue
767,Chevrolet,Traverse,2012,Green
768,Ford,Mustang,1971,Fuscia
769,Pontiac,Grand Prix,2000,Blue
770,Buick,Skyhawk,1984,Maroon
771,Nissan,Armada,2011,Yellow
772,Maserati,228,1989,Turquoise
773,GMC,Envoy XL,2005,Yellow
774,Audi,S5,2009,Goldenrod
775,Chevrolet,Blazer,1997,Puce
776,Kia,Rio,2001,Indigo
777,GMC,Yukon,2013,Pink
778,GMC,3500 Club Coupe,1993,Goldenrod
779,Hyundai,HED-5,2012,Goldenrod
780,Mercedes-Benz,C-Class,2006,Maroon
781,Pontiac,Bonneville,2002,Mauv
782,Chevrolet,Impala,2012,Khaki
783,Studebaker,Avanti,1962,Yellow
784,Buick,Somerset,1985,Crimson
785,Cadillac,DeVille,1999,Maroon
786,Buick,Rendezvous,2002,Orange
787,Chevrolet,Express 3500,2006,Orange
788,Subaru,Legacy,2006,Mauv
789,GMC,Suburban 1500,1993,Aquamarine
790,Toyota,Celica,1999,Turquoise
791,Mercury,Sable,2008,Pink
792,Eagle,Talon,1992,Crimson
793,Isuzu,Trooper,2002,Yellow
794,BMW,3 Series,1998,Orange
795,Mazda,Mazdaspeed6,2006,Yellow
796,Dodge,Durango,2001,Mauv
797,Chevrolet,Express 2500,2010,Mauv
798,Volvo,240,1993,Aquamarine
799,Chevrolet,Silverado,2007,Turquoise
800,Chevrolet,Lumina,2000,Pink
801,Volvo,C70,2000,Goldenrod
802,Ford,Mustang,1966,Fuscia
803,Isuzu,Ascender,2007,Pink
804,Toyota,Corolla,2006,Red
805,GMC,Savana,2011,Maroon
806,Mercedes-Benz,S-Class,2010,Teal
807,Cadillac,CTS,2003,Maroon
808,Cadillac,XLR-V,2007,Maroon
809,Aston Martin,V12 Vantage,2011,Green
810,Ford,Taurus,2006,Maroon
811,BMW,6 Series,1989,Yellow
812,Jeep,Cherokee,1993,Orange
813,Pontiac,LeMans,1966,Green
814,Ford,Thunderbird,1988,Yellow
815,Ford,E-Series,1988,Pink
816,Nissan,Sentra,1998,Turquoise
817,Chevrolet,Equinox,2010,Aquamarine
818,Volkswagen,Golf,1976,Crimson
819,Chevrolet,Suburban 1500,2000,Teal
820,Dodge,Ram 1500,2005,Pink
821,Ford,EXP,1985,Purple
822,Chevrolet,Sonic,2012,Puce
823,Buick,Park Avenue,1992,Fuscia
824,GMC,3500,1998,Aquamarine
825,Toyota,Corolla,2006,Orange
826,Plymouth,Breeze,1998,Indigo
827,Toyota,Camry,1992,Red
828,Chevrolet,Impala,2005,Green
829,Chevrolet,Aveo,2009,Goldenrod
830,Ford,Edge,2007,Green
831,Ford,Mustang,1979,Green
832,Toyota,RAV4,2011,Green
833,Lexus,LS,2006,Khaki
834,Ford,E250,2004,Mauv
835,Ford,Taurus,1986,Indigo
836,Dodge,Ram 1500,1998,Teal
837,Cadillac,Escalade,2005,Orange
838,Mitsubishi,Galant,1986,Violet
839,Chrysler,Sebring,2007,Turquoise
840,Chevrolet,Suburban 1500,2011,Indigo
841,Plymouth,Grand Voyager,1994,Turquoise
842,Pontiac,Solstice,2008,Pink
843,Chevrolet,Cavalier,2000,Orange
844,Toyota,Tacoma Xtra,2000,Pink
845,Pontiac,Bonneville,1991,Red
846,Infiniti,FX,2006,Fuscia
847,Mazda,Protege,2002,Aquamarine
848,Honda,Passport,1995,Blue
849,GMC,Savana 3500,2002,Blue
850,Ford,Mustang,1973,Blue
851,Toyota,RAV4,2001,Pink
852,Hummer,H2,2004,Turquoise
853,Dodge,Stratus,1998,Maroon
854,Chrysler,PT Cruiser,2008,Aquamarine
855,Chrysler,Sebring,2002,Purple
856,Volkswagen,Golf III,1995,Khaki
857,Saab,9-3,2010,Red
858,Spyker,C8 Spyder,2004,Purple
859,Isuzu,Amigo,2000,Turquoise
860,Isuzu,Axiom,2004,Khaki
861,Subaru,Baja,2003,Violet
862,Dodge,Durango,2009,Teal
863,Nissan,Maxima,1997,Yellow
864,GMC,Savana 2500,2001,Teal
865,Mazda,Protege5,2003,Aquamarine
866,Porsche,Cayman,2012,Maroon
867,Volkswagen,Rabbit,2008,Turquoise
868,Audi,S6,1995,Purple
869,Plymouth,Prowler,1999,Crimson
870,Audi,A8,2001,Turquoise
871,Saab,9-7X,2009,Violet
872,Geo,Storm,1993,Goldenrod
873,Ford,Club Wagon,1992,Goldenrod
874,Saturn,L-Series,2003,Teal
875,Suzuki,Equator,2011,Maroon
876,Ford,Freestar,2007,Pink
877,Toyota,Matrix,2003,Red
878,Kia,Forte,2011,Khaki
879,Audi,TT,2006,Violet
880,Cadillac,Escalade,2006,Mauv
881,Dodge,Ram Van 2500,1996,Mauv
882,Infiniti,EX,2012,Blue
883,Lexus,HS,2010,Blue
884,Buick,LaCrosse,2010,Teal
885,Mazda,Miata MX-5,1995,Khaki
886,Buick,Regal,2000,Aquamarine
887,Audi,Q7,2009,Teal
888,GMC,Suburban 1500,1997,Indigo
889,Ford,Escort,1984,Khaki
890,Lamborghini,Countach,1985,Khaki
891,Suzuki,Forenza,2006,Crimson
892,Infiniti,Q,1996,Yellow
893,Honda,Civic GX,2003,Maroon
894,Volkswagen,Scirocco,1987,Indigo
895,Chevrolet,Corsica,1994,Blue
896,Mitsubishi,Chariot,1991,Violet
897,Buick,LeSabre,2002,Blue
898,GMC,Savana 2500,1996,Yellow
899,Volkswagen,Passat,2005,Pink
900,Toyota,Celica,1999,Violet
901,Volvo,V50,2011,Turquoise
902,Land Rover,Range Rover,1996,Khaki
903,Pontiac,G6,2008,Turquoise
904,Ford,F-Series,2001,Crimson
905,Jaguar,XK,2010,Blue
906,Bentley,Continental Flying Spur,2009,Goldenrod
907,Mitsubishi,Diamante,2000,Yellow
908,Mitsubishi,Montero,2002,Pink
909,Hyundai,Scoupe,1993,Green
910,Infiniti,FX,2006,Yellow
911,Buick,Century,1999,Maroon
912,Dodge,Ram 2500,1999,Puce
913,Audi,S4,2008,Blue
914,Subaru,Impreza,2003,Crimson
915,Dodge,Ram 1500 Club,2000,Crimson
916,Chevrolet,Lumina,1993,Mauv
917,Dodge,Ram 2500,2007,Purple
918,Lotus,Exige,2011,Blue
919,Infiniti,QX,2011,Puce
920,Pontiac,Grand Prix,1998,Mauv
921,Hummer,H1,2003,Khaki
922,MINI,Cooper,2012,Aquamarine
923,Ford,Escape,2005,Aquamarine
924,GMC,Sonoma,1996,Fuscia
925,Ford,Laser,1988,Orange
926,Daewoo,Nubira,2000,Orange
927,Kia,Sephia,1996,Violet
928,Ford,E-Series,1985,Teal
929,Hyundai,Tiburon,2005,Maroon
930,Infiniti,M,2012,Pink
931,Toyota,Camry,2000,Indigo
932,Dodge,Viper,2009,Green
933,Geo,Metro,1994,Crimson
934,Aston Martin,Vanquish S,2006,Red
935,Mercedes-Benz,E-Class,1986,Khaki
936,Chevrolet,Aveo,2007,Violet
937,Chevrolet,Silverado 2500,2008,Crimson
938,Honda,Insight,2010,Blue
939,Dodge,Dakota,1998,Fuscia
940,Oldsmobile,Bravada,1994,Goldenrod
941,Eagle,Premier,1992,Teal
942,Pontiac,Sunbird,1988,Red
943,Mazda,RX-8,2008,Yellow
944,Land Rover,Discovery,2001,Red
945,Nissan,Maxima,2006,Aquamarine
946,Audi,RS 6,2003,Violet
947,Mercedes-Benz,CLS-Class,2012,Indigo
948,Chrysler,300,2012,Goldenrod
949,Subaru,XT,1989,Violet
950,Chevrolet,Express 1500,2010,Green
951,Nissan,Sentra,1995,Puce
952,Dodge,Omni,1978,Orange
953,Volkswagen,Golf,1983,Maroon
954,Volkswagen,Eurovan,1993,Green
955,Mazda,Tribute,2002,Pink
956,Mitsubishi,Precis,1990,Green
957,Jeep,Liberty,2010,Purple
958,Lotus,Esprit,1985,Red
959,Plymouth,Breeze,1998,Goldenrod
960,Acura,TL,1998,Goldenrod
961,Jeep,Compass,2011,Orange
962,Isuzu,Rodeo,1996,Purple
963,BMW,M3,1997,Turquoise
964,Cadillac,Escalade,2007,Blue
965,Hyundai,Elantra,1992,Maroon
966,Mazda,Mazda2,2011,Goldenrod
967,Plymouth,Voyager,1997,Purple
968,Ford,Bronco,1991,Blue
969,Mercedes-Benz,SL-Class,1991,Fuscia
970,Toyota,Paseo,1992,Fuscia
971,Dodge,Charger,2006,Maroon
972,Plymouth,Prowler,1999,Goldenrod
973,Chevrolet,Caprice,1991,Blue
974,Jeep,Wrangler,2003,Yellow
975,Acura,TSX,2010,Red
976,Land Rover,Range Rover,1990,Puce
977,Volvo,V70,2001,Mauv
978,Studebaker,Avanti,1961,Violet
979,Mitsubishi,Precis,1994,Crimson
980,Land Rover,Discovery,2012,Crimson
981,Mazda,323,1994,Khaki
982,Acura,Integra,2001,Puce
983,Porsche,Cayman,2010,Green
984,Scion,xD,2009,Indigo
985,Volkswagen,Passat,2010,Crimson
986,Lotus,Esprit,1990,Teal
987,Mercedes-Benz,400SE,1992,Khaki
988,Mitsubishi,Diamante,2001,Maroon
989,Mitsubishi,Eclipse,2001,Aquamarine
990,Land Rover,LR4,2010,Blue
991,Chevrolet,Corvette,1975,Mauv
992,Toyota,Corolla,2008,Aquamarine
993,Mazda,Mazda6,2011,Teal
994,Ford,Expedition EL,2012,Blue
995,Dodge,Charger,1968,Aquamarine
996,Lamborghini,Countach,1988,Khaki
997,Kia,Sorento,2008,Green
998,Dodge,Ram 1500,2001,Yellow
999,Jeep,Grand Cherokee,1999,Crimson
1000,Dodge,Charger,2008,Yellow
